member_id,member_name,plan_id,enrollment_date,date_of_birth

M-1001,Wyatt Garcia,PLN-001,2024-12-09,1970-04-05

M-1002,Hannah Garcia,PLN-018,2024-02-19,1982-01-01

M-1003,Liam Brown,PLN-008,2024-09-20,1956-09-07

M-1004,Leo White,PLN-014,2024-04-15,1992-05-26

M-1005,Chloe Carter,PLN-006,2024-12-14,1976-05-05

M-1006,Ethan Lopez,PLN-004,2024-02-13,1961-06-28

M-1007,Amelia Clark,PLN-009,2024-01-24,1984-09-04

M-1008,Riley Anderson,PLN-003,2024-09-10,1995-10-28

M-1009,Amelia Harris,PLN-007,2024-12-03,1957-11-08

M-1010,Owen Martinez,PLN-003,2024-04-28,1961-07-09

M-1011,Henry Wilson,PLN-006,2024-06-12,1968-11-09

M-1012,Leo Patel,PLN-006,2024-09-24,1970-03-15

M-1013,Benjamin Rodriguez,PLN-018,2024-04-22,1975-01-08

M-1014,Jack Nguyen,PLN-011,2024-07-09,1959-04-19

M-1015,Aiden Lopez,PLN-007,2024-11-16,1980-11-15

M-1016,Olivia Rodriguez,PLN-005,2024-04-24,1990-09-09

M-1017,Hannah Harris,PLN-014,2024-10-13,1978-04-05

M-1018,Daniel Moore,PLN-003,2024-01-28,1962-03-21

M-1019,Mia Thomas,PLN-003,2024-07-13,1993-08-17

M-1020,Lucas White,PLN-001,2024-11-24,1962-11-18

M-1021,Owen Rodriguez,PLN-011,2024-02-10,1982-03-15

M-1022,Ava Rodriguez,PLN-017,2024-03-17,1961-11-10

M-1023,Jack Jackson,PLN-007,2024-03-12,2003-03-18

M-1024,Owen Jackson,PLN-001,2024-10-11,1986-01-04

M-1025,Riley Wilson,PLN-010,2024-04-02,1970-10-03

M-1026,Liam Moore,PLN-003,2024-09-25,1963-03-22

M-1027,Grace White,PLN-006,2024-05-17,1993-07-07

M-1028,Riley White,PLN-007,2024-12-10,1980-11-21

M-1029,Amelia Taylor,PLN-017,2024-08-04,1970-04-03

M-1030,James Carter,PLN-018,2024-04-19,1969-01-03

M-1031,Leo Nguyen,PLN-008,2024-02-02,1976-02-17

M-1032,Sophia Rodriguez,PLN-016,2024-04-18,1963-12-19

M-1033,Mateo Moore,PLN-008,2024-08-26,1981-04-04

M-1034,Emma Thomas,PLN-012,2024-07-14,1984-12-02

M-1035,Nora Garcia,PLN-002,2024-07-24,1976-02-08

M-1036,Ethan Brown,PLN-018,2024-08-05,1982-03-09

M-1037,Henry Davis,PLN-003,2024-08-26,1990-02-02

M-1038,Wyatt White,PLN-001,2024-02-25,1970-03-14

M-1039,Grace Moore,PLN-007,2024-07-02,1965-07-01

M-1040,Benjamin Rodriguez,PLN-015,2024-05-14,1999-12-26

M-1041,Zoe Moore,PLN-005,2024-04-10,1968-01-19

M-1042,Hannah White,PLN-002,2024-12-11,1958-01-19

M-1043,Grace Jackson,PLN-017,2024-03-02,1987-02-28

M-1044,Mia Patel,PLN-003,2024-11-28,1970-07-04

M-1045,Aiden Harris,PLN-008,2024-10-20,1957-10-03

M-1046,Charlotte Harris,PLN-017,2024-06-09,1968-11-23

M-1047,James Davis,PLN-009,2024-07-05,1997-11-10

M-1048,Henry Lopez,PLN-003,2024-01-15,1994-10-04

M-1049,Liam White,PLN-007,2024-09-09,1963-06-03

M-1050,Aiden Davis,PLN-012,2024-05-06,1983-09-23

M-1051,Isabella Clark,PLN-017,2024-01-22,1990-05-22

M-1052,Emma Kim,PLN-009,2024-02-04,2002-09-05

M-1053,Lucas Martinez,PLN-007,2024-12-11,1968-11-21

M-1054,Chloe Rodriguez,PLN-017,2024-08-09,1958-02-21

M-1055,Charlotte Rodriguez,PLN-002,2024-01-11,2004-03-21

M-1056,Lucas Johnson,PLN-015,2024-09-23,1982-09-01

M-1057,Emma Patel,PLN-005,2024-09-02,1978-10-18

M-1058,Olivia Thomas,PLN-005,2024-01-10,1978-01-12

M-1059,Ethan Davis,PLN-004,2024-06-25,1990-07-20

M-1060,Hannah Kim,PLN-008,2024-03-26,1966-07-01

M-1061,Mia Lopez,PLN-014,2024-11-28,2002-04-09

M-1062,Mia Garcia,PLN-013,2024-01-28,1985-04-07

M-1063,Jack Taylor,PLN-012,2024-05-27,2005-04-08

M-1064,Ava Brown,PLN-013,2024-06-09,1959-05-12

M-1065,Wyatt Jackson,PLN-013,2024-11-27,1989-06-01

M-1066,Emma Rodriguez,PLN-006,2024-10-09,1957-02-20

M-1067,Charlotte Wilson,PLN-011,2024-07-20,1987-02-13

M-1068,Aiden Harris,PLN-007,2024-05-02,2000-07-01

M-1069,Daniel White,PLN-007,2024-06-14,1959-11-11

M-1070,Ella Lopez,PLN-004,2024-12-10,1987-05-22

M-1071,Charlotte Lopez,PLN-013,2024-12-10,1990-03-07

M-1072,Charlotte Anderson,PLN-006,2024-10-19,1974-07-18

M-1073,Jack Carter,PLN-010,2024-05-07,1982-10-20

M-1074,Wyatt Lopez,PLN-015,2024-08-15,1998-04-17

M-1075,Grace Johnson,PLN-003,2024-05-17,1997-11-20

M-1076,James Patel,PLN-008,2024-11-10,1969-04-05

M-1077,Ava Nguyen,PLN-008,2024-08-20,2004-02-15

M-1078,Charlotte Harris,PLN-007,2024-12-23,1979-08-13

M-1079,Sophia Kim,PLN-001,2024-02-25,1982-04-06

M-1080,Layla Jackson,PLN-015,2024-01-18,1970-02-15

M-1081,Olivia Taylor,PLN-017,2024-09-20,1975-08-20

M-1082,Jack Jackson,PLN-014,2024-09-15,1965-12-28

M-1083,Grace Taylor,PLN-009,2024-04-27,1995-05-25

M-1084,Owen Jackson,PLN-016,2024-11-08,1972-08-03

M-1085,Leo Martinez,PLN-008,2024-05-11,1975-09-03

M-1086,Olivia Kim,PLN-008,2024-07-23,1964-12-07

M-1087,Liam Thomas,PLN-014,2024-06-18,1984-07-02

M-1088,Ethan Thomas,PLN-013,2024-10-23,1956-10-13

M-1089,Grace Carter,PLN-012,2024-05-25,1979-07-18

M-1090,Hannah White,PLN-008,2024-08-08,1972-07-16

M-1091,Ava Anderson,PLN-011,2024-11-22,1980-12-06

M-1092,Jack Taylor,PLN-005,2024-10-18,1956-07-19

M-1093,Mateo Carter,PLN-003,2024-11-14,1963-08-06

M-1094,Noah Rodriguez,PLN-013,2024-06-07,1984-06-11

M-1095,Owen Anderson,PLN-009,2024-07-09,1960-08-01

M-1096,Hannah White,PLN-002,2024-06-08,1996-02-25

M-1097,Wyatt Nguyen,PLN-001,2024-04-07,1956-10-05

M-1098,Sophia Kim,PLN-016,2024-11-04,1991-04-15

M-1099,Leo Rodriguez,PLN-012,2024-03-20,1993-12-23

M-1100,Emma Johnson,PLN-010,2024-02-19,1956-05-19

M-1101,Nora Anderson,PLN-013,2024-12-07,1959-10-23

M-1102,Jack Davis,PLN-004,2024-12-25,1974-11-20

M-1103,Layla Garcia,PLN-002,2024-06-18,1982-11-12

M-1104,Liam Jackson,PLN-011,2024-01-28,1981-08-04

M-1105,Charlotte Wilson,PLN-015,2024-12-05,1982-03-24

M-1106,Daniel Rodriguez,PLN-018,2024-08-15,1982-12-19

M-1107,Lucas Lopez,PLN-008,2024-02-09,1983-04-25

M-1108,Henry Harris,PLN-013,2024-06-01,1986-06-06

M-1109,Grace Brown,PLN-012,2024-05-11,1972-10-23

M-1110,Aiden Rodriguez,PLN-018,2024-01-17,1967-02-08

M-1111,Hannah Thomas,PLN-016,2024-09-25,1970-12-16

M-1112,Wyatt Moore,PLN-015,2024-01-03,1973-04-13

M-1113,Leo Davis,PLN-010,2024-11-19,1978-08-18

M-1114,Daniel Wilson,PLN-014,2024-12-18,1976-06-23

M-1115,Henry Rodriguez,PLN-010,2024-05-08,1962-12-07

M-1116,James Garcia,PLN-018,2024-12-06,1967-04-24

M-1117,Grace Rodriguez,PLN-017,2024-10-10,1961-04-10

M-1118,Sophia Wilson,PLN-006,2024-05-01,2000-09-05

M-1119,Lucas Nguyen,PLN-002,2024-09-10,1999-03-21

M-1120,Chloe Moore,PLN-004,2024-01-19,1973-08-16

